id,title
fe6aa70f-4877-4f6d-9c18-9a8cafc1fe28,Uniswap
30d12da9-5fd5-411a-8ca8-1422a4ce1373,Mantle (formerly: BitDAO)
228c8be1-9d1e-440c-8afb-a40d6ee480f2,ENS DAO
10edb97a-9dba-448a-88b1-ca263a7c75ad,Optimism
b29f3be3-d4c7-4401-92cd-73390f09816b,Arbitrum
c41f87df-35a6-4a37-82c4-62cd5a3a8c08,Sky (fka: MakerDAO)
529571a8-5816-47ff-a50e-1e6372e2324b,GnosisDAO
34e49a9f-34e2-477b-9c4f-914f8bc48aa7,ResearchHub Foundation
d7eab985-c59e-4c44-9d87-00a2b87c900a,DeXe Protocol DAO
7fddc664-12d8-4096-b915-936997afd592,The Graph
996e1469-01d7-4e94-b18a-c7c970b8c1ec,Tribe DAO / Fei
fd991dca-141d-4e23-a23b-5d908110c337,Lido
8880b84d-f3e2-49d0-b50d-0b6d338c0ffc,SafeDAO
9cc495be-6062-4b31-b4f8-424438ec1ed4,Aave
0d61106a-d18b-49ef-9ced-447dc4886303,Golem Network
be5f6bd8-4c65-4e96-b0eb-7e7ce6a64bf2,Olympus DAO
5eeda0a5-5427-494c-a859-053340783d32,CoW Swap
00cdddf8-87e0-4e3f-9b36-f627133e0b24,Merit Circle
b2b78ded-5082-4a1a-b95f-d41f16cb9dde,InSure DeFi
9167f93a-a20d-4ad2-b173-2ff178e9e3b8,Ondo DAO
5b210f8c-a584-42ab-881a-d7a15c8ab985,Qi DAO | Mai.Finance
140b13e1-d2f6-4ba4-87a1-11697b7c935b,Instadapp
53e01efd-2aec-43b0-a258-6f8704f19a02,SuperVerse
d13f96a0-da32-47ce-841a-96134e8459eb,Stargate Finance
0c621a01-8b6b-496b-b7db-0615b11b6662,UMA
c84cd1ca-1b59-4ac7-ba68-0f3763e60998,Polkadot
60c9b31c-4495-4028-aeac-eb7bb117fece,Decentraland
5283ad38-9e60-4743-97f3-8bbeffd60636,Scroll
1a2dfd63-2cc5-4a39-ab3d-ca2fdd0788c3,MEOW DAO
3ec84f7d-e707-42cb-b30f-6192bb9c5e67,Orbs
5a5dc2e8-480d-443b-b258-a438874aa4f8,Euler Finance
18abd2d8-ff90-40cd-a889-4cc2fed78364,Aragon
b1ed9192-7150-4136-891e-a35e89d8e84a,Morpho
b8586b8c-dec2-44e6-b78e-3a210a1780c4,Yield Guild Games (YGG)
15e28f3f-ad15-41db-a8dc-3a9a42c6476d,Decubate
28f296a9-14d1-49cd-9984-bdc4dc45ebb1,Tornado Cash
731aaac8-845c-4f9b-8a10-e50be2286169,dYdX
8ffbd6d6-3a16-48b5-94c1-97c05db41fcb,HairDAO
1cc3c757-99f8-4373-908f-6e97931b6737,Phala
1323d31d-bd0c-4605-ba55-573dd7129324,Mango DAO
09f20643-887e-4295-bdf5-7ac31f90c61f,AxonDAO
059e8d65-4a18-40c1-9f72-bec363cb5023,Pangolin
9d99975b-650d-4c8e-bf11-75d8874bb035,0x Protocol
b354c204-1a3a-456a-9dd0-0e1c75096f20,Convex
2cb4f1b0-309f-4c60-99a5-4c132e17bcbe,Across DAO
89cd885e-e653-445f-b59b-a539111b756a,Origin
52bf381b-79a8-4498-8504-41961beda494,Compound Finance
7ce906c9-c4d5-4f42-b60d-01642ad5692e,Synthetix
a697b304-286c-40af-aa76-8efdc5086797,Aevo (fka Ribbon Finance)
4c31770a-e3ca-4cc8-9292-508d632ff66a,Radicle
b84755f3-f21f-4290-9d56-af77e9060690,UXDProtocol
a1679a54-6e9a-4b03-b3da-fdcc7aeb28cd,Yearn Finance
802dad3e-2e3e-49d3-8fb5-4973c2e1751c,Curve
4a7784af-e555-4901-b915-63022d22f04d,SushiSwap
796c23d6-0075-4237-ac76-e66168714383,Illuvium
53418429-b2ee-4c5a-b0f0-5b8ff20829ec,JPEG'd
9c2bf476-e1b6-46f6-977a-81e1b3f5f55b,ChainGPT AI
c15beed6-a0e3-4a05-8377-7f4fca7e76e5,BrainDAO (IQ)
d508f46d-35a6-459d-86d2-c28a1be9b165,Space ID
cd32c619-4a86-4374-8f0c-473abcdc75fb,Venus Protocol
6272fda9-f5e0-45c0-a270-ad49bc831043,Solend
50eab83c-1bcd-4c02-8958-1727e2738ea3,PleasrDAO
0750f4d3-4755-40d9-b82c-e421439cfd7f,Tokemak
d3eb8010-ef2c-4e6c-956e-2cdbdd05cbf5,DIMO
14314c86-2e63-4f3f-9fc4-1b63353a05e0,Galxe
f646ab2e-61ca-4de9-b0fa-441ac3d4465c,Rhino.fi (formerly: deversi.fi)
7536003d-e1aa-4cb4-8a45-e6f113ed7b2f,Ampera ($AMP)
41832c47-f998-4592-b7b9-7624a8a9a4dd,Kleros
e3e5927c-b8bc-4c7b-a223-262b730d8f41,Tokenlon 合约
a93c0f9f-268a-4366-b72a-0c8f234f1653,API3
8b8a238a-300f-44ba-8263-b532dd9fbb12,Angle Protocol
2a598414-a973-4021-8056-dd5e02e8168b,BENQI
f8fe9f76-46dd-4dcd-bbb6-db5e737c50b8,Silo Finance
f59505b9-d52f-4698-beee-95ff23248f70,Sperax DAO
fe4cd05c-f6cb-461a-add9-bcdb1365fc0e,Badger DAO
cb6e31d5-976f-4fdd-bac6-c4edcd1b0a59,Goldfinch DAO
2f139393-59f2-4d5f-a18b-fb7d5322a1d8,Gelato DAO
e9bb5304-b363-44a2-9666-17590478d069,1inch
37aba1a5-2f93-4c15-9171-5df14ac4e237,Nouns DAO
dcc378ed-d4e5-4aeb-9cdc-3a75379441d3,Threshold Network
8b5c67c6-3b9c-4185-9ca1-4aaee5681784,Magpie
a99b4c42-56a8-4118-92d2-615c3985f0b7,Gearbox
79f898dc-e5e0-4c03-b790-5c49a152297f,Frax Finance
59b3cb22-a5a2-4aaa-b7fb-360baa910666,SuperRare
949bdfa3-17e6-4bae-b0ac-3bc4226b8a72,Ampleforth
ae059561-070d-4046-9736-aa805bc32fb0,Hector Network
4a8d7f3c-844a-4039-949d-7b748d3242e0,Polygon
ff823bb4-9cf3-4b27-9b99-cad99118ef54,Sturdy Finance
2fad3980-1ec9-4e8d-a742-a54a9bcd1b1b,VitaDAO
aca77a4e-ecb1-4eb3-a722-979977a52eb4,GitcoinDAO
b117a15b-866b-443e-83ec-a0f3e09f0586,Metaplex
f03d0cf4-2f80-4ab0-9be8-cc091fde325e,Alchemix
e1be50e2-2ba4-40b3-88fb-0a2c3ad13498,Redacted Cartel
15d24e27-daee-42eb-8f4f-661c94634c9b,CitaDAO
a87511c5-28ee-45b1-8397-6cf93f52138b,ParaSwap
d835036b-392f-4153-8736-b976a21573f4,ParagonsDAO
06bc203b-b4ba-47f6-871b-eeba6a68945f,Global Coin Research
25fbecff-8c9c-456e-a4d4-c0e148dd57dc,Lyra
89089f07-2581-4b3c-bafe-57a4ef07f498,Maverick Protocol
db953899-a74b-4dfa-b79f-8f4783a9b087,ShapeShift
734b5375-a40f-4538-9ba6-d12b3e9eb0d6,HOPR DAO
b2f20f6d-9b7a-4d95-aabc-349d15f7d661,CypherTrust DAO
233afbb3-6a58-4594-8a03-93fe89e11a80,Hydranet
ef4d5b4f-8ece-404c-9751-495caf736710,Prom
5e9a827a-6e7e-4619-9647-009039bff04e,Elysia Online DAO
e10d5152-4098-419b-a9ec-e9a26c0a975e,Spool
01091ef6-e165-4104-8228-ceb07e5c55e2,Radiant Capital
f664a1f5-d543-4c70-b134-029dd0e6aacc,RealToken Ecosystem Governance
bbbd2152-aac3-4294-8856-a62b59b49a7c,Treasure
0c06f49b-0655-4858-9e18-b5cfa1447059,GMX
5ddfcb77-c402-4685-9374-9daea63f2823,Thales Markets
26f16041-06c8-4637-8639-25d735dfb1f1,Sarcophagus DAO
ebdd55f6-0037-4ad6-84fc-363f6be73039,Botto
d3c0bb7a-af5b-41d6-ae48-f630ad7f7194,ApeCoin DAO
c9db5a89-025e-4cfd-9a7f-552d86add137,DXdao
ad0a4d2a-8fa5-483d-b1d1-a4dc7668977b,BanklessDAO
ca09aafe-0bdc-4441-92ed-164c64345f3f,Shutter DAO 0x36
f50de02c-382c-4527-b462-eaf4ac538c18,Hop DAO
